Race ID,Bet Outcome,Profit/Loss
1.200715820,LOST,-4.8

1.200715858,WON,0.34

1.200715792,WON,7.69

1.200715822,WON,7.41
