Race ID,Bet Outcome,Profit/Loss
1.200783352,LOST,-41.91

1.200782489,WON,62.5

1.200782436,WON,2.38

1.200782569,WON,5.1

1.200783375,WON,8.47

1.200782570,WON,5.16

1.200782438,WON,3.85

1.200782571,WON,6.41

1.200782439,WON,5.81

1.200782662,WON,4.35

1.200783441,WON,1.39

1.200782663,WON,6.76

1.200783442,WON,4.0
