Bet Outcome,Profit/Loss
LOST,-1492.93

LOST,-1492.93

1.200450524,LOST,-1492.93

1.200450524,LOST,-1492.93

1.200450524,LOST,-1492.93

1.200450524,LOST,-1492.93
